{
    "oms":{
        "appSecrect":"WMS518f5d9831f018b1225596227830e",
        "appKey":"7C19DB87-C760-2689",
        "aesKey":"d4cee15c5a95ace6",
        "url":"https://xomsuatint.dyson.cn/api/sap/index_v2.php"
    },
    "toms":{
        "erpDomain":"https://gw3.superboss.cc/router",
        "domain":"https://tomsintuat.dyson.cn",
        "url":"https://tomsintuat.dyson.cn/api/edi/ofs/in",
        "encryptKey":"mskrthufdidsfsa1",
        "appKey":"b2b-uat",
        "aesKey":"d4cee15c5a95ace6",
        "timeKey": "2024-04-19 12:23:21",
        "createOrderUri":"ofs.salesOrder.create"
    }
}