{
    "payment": {
        "payMethod": "Alipay",
        "accountNumber": "1111222233334444",
        "currency": "CNY",
        "gatewayRef": "123456789",
        "orderRef": "orderRef",
        "payRef": "payRef",
        "authRef": "authRef",
        "paidAt": "2023-03-04 17:00:00",
        "payerCompanyName": "付款人公司",
        "payerPhone": "付款人电话",
        "payerCountry": "CN",
        "payerState": "付款人省份",
        "payerCity": "付款人城市",
        "payerAddress": "付款人地址",
        "payerPostalCode": "付款人邮编",
        "payeeAccount": "支付宝账号",
        "payeeName": "支付宝姓名",
        "payAmount": 29667.03
    }
}