{
    "salesOrderDetail": {
        "isNonDyson": "N",
        "skuCode": "275343-01",
        "productType": 1,
        "sourceLineNum": "2",
        "requestQty": 3,
        "appointFacilityCode": "",
        "appointLocationType": "",
        "totalAmountWithoutTax": 17230.08,
        "totalAmountWithTax": 19470,
        "paidAmountWithoutTax": 17230.08,
        "totalPayAmountDyson": 19470,
        "discountWithoutTax": 0,
        "totalDiscountAmountDyson": 0,
        "taxExclusivePriceDyson": 5743.36,
        "taxInclusivePriceDyson": 6490,
        "adjustAmountDyson": 0,
        "invoiceAmountDyson": 19470,
        "sourceSkuCodeDyson": "对应主品单号",
        "sourceSkuBarcode": "条形码",
        "customerSkuCode": "客户SKU编码",
        "batchDyson": "batch0001",
        "serialNumber": "",
        "isCustomization": 0,
        "customizationType": "aio订单类型",
        "refText": "定制内容"
    }
}