{
    "salesOrderHeader": {
        "clientCode": "DYSON",
        "companyCode": "COMPANY2023010900000001",
        "sourceModifiedAt": "2024-03-06 16:53:00",
        "storeCode": "32",
        "bizChannel": "B2C",
        "sourcePlatformCode": "TIKTOK",
        "plant": "",
        "sourceOrderType": "fixed",
        "sourceOrderCode": "202405130001",
        "refOrderCodeDyson": "",
        "preSaleOrderCode": "",
        "platformOrderCode": "",
        "customizationType": "",
        "isPreSaleOrder": 0,
        "sourceUserAccount": "",
        "sourceUserName": "小小",
        "tradeCreatedAt": "2024-03-06 16:50:00",
        "transactionEndTime": "",
        "prePaidAmount": 0,
        "prePaidAt": "",
        "paymentStatus": 1,
        "shipToAttentionTo": "测试",
        "shipToAddress": "马当路27号",
        "shipToCountryName": "中国",
        "shipToStateName": "北京市",
        "shipToCityName": "北京市",
        "shipToDistrictName": "东城区",
        "shipToPostalCode": "432000",
        "shipToPhone": "027-12345678",
        "shipToMobile": "13100651234",
        "shipToFax": "0271-11111111",
        "shipToEmail": "yongming.qu@129.com",
        "postageAmount": 0,
        "totalAmountWithoutTax": 26253.99,
        "totalAmountWithTax": 29667.03,
        "orderAmountWithoutTax": 26253.99,
        "totalAmountDyson": 29667.03,
        "paidAmountWithoutTax": 26253.99,
        "totalPayAmountDyson": 29667.03,
        "discountWithoutTax": 0,
        "totalDiscountAmountDyson": 0,
        "adjustAmountDyson": 0,
        "invoiceAmountDyson": 29667.03,
        "currencyCode": "CNY",
        "invoiceRequired": 0,
        "scheduledShipOn": "2024-03-06",
        "estimatedProcessingTime": "",
        "invoiceType": "",
        "invoiceTitleType": "",
        "invoiceTitle": "",
        "taxpayerNo": "",
        "invocieBank": "",
        "invoiceBankAccount": "",
        "invoiceCompanyAddress": "",
        "invoiceCompanyPhone": "",
        "csStaff": "202007130624",
        "buyerNote": "卖家备注",
        "sellerNote": "卖家备注",
        "orderNote": "客服备注",
        "sourceTerminal": "门店pos机号",
        "oaid": "oaid",
        "autoRegister": "用户注册信息"
    }
}